attention_type,positional_encoding_type,block_type,n_heads,n_kv_heads,context_len,batch_size,num_parameters,val_loss,val_ppl,train_tokens_per_sec,train_time_sec_total,train_time_sec_per_epoch,infer_tokens_per_sec,infer_ms_per_token,peak_gpu_mem_mb,nan_steps,grad_norm_mean,grad_norm_max,step_loss_std
gqa,rope,standard_transformer_block,8,2,512,8,47799808,8.436257223929129,4611.263718573282,22630.23623590258,107.15009665489197,107.15009665489197,71.36388198133243,14.012690624952029,4878.7158203125,0,inf,inf,27.196163008429153
gqa,rope,conv_before_attention,8,2,512,8,62492160,8.290778052422308,3986.9350325276014,19280.565990137955,125.76560258865356,125.76560258865356,45.80928763272093,21.8296343749671,5194.4365234375,0,inf,inf,16.12932175876988
gqa,rope,interleaved_conv_attention,8,2,512,8,55145984,8.428800429067303,4577.006354773739,20666.435852146857,117.33189105987549,117.33189105987549,62.138438031820975,16.093098437522713,5037.3037109375,0,inf,inf,18.208378638415546
gqa,rope,alternate_attention_dwconv,8,2,512,8,46240256,8.284056017475743,3960.224590748352,27332.3888517599,88.71643137931824,88.71643137931824,108.14937659466662,9.246470312518795,4328.5205078125,0,inf,inf,22.856192612340315
